year,temp_mean_mean,temp_mean_min,temp_mean_max,temp_mean_std,rainfall_mm_sum,humidity_mean,humidity_std
2023,20.26630136986301,2.3,37.6,7.617085246744939,352.6,77.53643835616438,7.395296688032158
2024,20.07780821917808,3.7,36.3,7.810469559721674,384.45,77.06150684931507,8.08759205893138
